Workbook
Name List_Category: 'Dictionary_Validation'!$A$3:$A$9
Name List_Evidential_Role: 'Dictionary_Validation'!$B$3:$B$7
Name List_Stage: 'Dictionary_Validation'!$C$3:$C$8
Name List_Priority: 'Dictionary_Validation'!$D$3:$D$6
Name List_Status: 'Dictionary_Validation'!$E$3:$E$8
Name List_Reporting_Destination: 'Dictionary_Validation'!$F$3:$F$7
Name List_Reviewed: 'Dictionary_Validation'!$G$3:$G$4
Name List_Used_in_Thesis: 'Dictionary_Validation'!$H$3:$H$4
Name List_Freeze_Status: 'Dictionary_Validation'!$I$3:$I$4

Sheet README
A1: Thesis Experiment Program Workbook
A3: Purpose | B3: Scientific control workbook for pre-interpretation experiment specification, traceable decision locking, leakage-aware execution, and thesis reporting alignment.
A6: Rules of use | B6: One exact question per experiment. One manipulated factor unless justified. Define split logic and leakage controls before running. No interpretation before criteria are specified.
A9: Evidential tiers | B9: Primary confirmatory; Primary-supporting robustness; Secondary decision-support; Exploratory extension.
A12: Freeze policy | B12: Confirmatory claims require locked decisions (target, split, model, weighting, tuning, feature representation, scaling) in Decision_Log.
A15: Color legend | B15: Green: confirmatory/locked/YES. Orange: exploratory/open. Yellow: critical priority. Gray: dropped. Red: missing required setup.
A18: Workflow | B18: Master_Experiments -> Run_Log -> Decision_Log -> Confirmatory_Set -> Thesis_Map -> Dashboard.
A22: Use this workbook as the single source of truth for thesis experiment planning, locking, and chapter mapping.
A25: Generated by create_thesis_experiment_workbook.py

Sheet Master_Experiments
A1: Experiment_ID | B1: Short_Title | C1: Category | D1: Evidential_Role | E1: Stage | F1: Priority | G1: Decision_Supported | H1: Exact_Question | I1: Hypothesis_or_Expectation | J1: Manipulated_Factor | K1: Held_Constant_Controls | L1: Dataset_Scope | M1: Target_Definition | N1: Split_Logic | O1: Leakage_Risk | P1: Leakage_Control | Q1: Models_Compared | R1: Primary_Metric | S1: Secondary_Metrics | T1: Robustness_Checks | U1: Decision_Criterion | V1: Success_Pattern | W1: Failure_or_Warning_Pattern | X1: Threats_to_Validity | Y1: Reporting_Destination | Z1: Interpretation_Boundary | AA1: Status | AB1: Owner | AC1: Outcome_Summary | AD1: Decision_Taken | AE1: Notes | AF1: Experiment_Ready
A2: E01 | B2: Target granularity experiment | C2: Target-definition | D2: Secondary decision-support | E2: Stage 1 - Method choice | F2: High | G2: Final target lock | H2: Should the thesis use fine-grained emotion labels, three-class coarse affect, or binary valence-like labels? | I2: coarse_affect likely balances construct validity, class balance, and learnability. | J2: Target definition | K2: Data index version, preprocessing order, metric definitions, seed policy. | L2: Internal repeated-session BAS2 dataset (sub-001, sub-002) unless explicitly external. | M2: fine emotion vs coarse_affect vs binary valence-like | N2: within_subject_loso_session (primary) with frozen transfer as secondary stress context. | O2: Performance inflation if split logic or fit scope leaks train-test information. | P2: Use explicit split manifests and train-only fitting; frozen transfer for cross-person runs. | Q2: ridge fixed baseline. | R2: Balanced accuracy | S2: Macro-F1; class-wise recall; accuracy | T2: Fold-level stability checks and leakage stress checks where relevant. | U2: Prefer target balancing construct validity, class balance, sample sufficiency, and learnability under claim-matched evaluation. | V2: Stable claim-matched behavior with no leakage indicators. | W2: Weak-split inflation, instability, or minority-class collapse. | X2: Small sample size, class imbalance, domain shift, and model sensitivity. | Y2: Chapter 3 Method choice | Z2: Interpret only within the specified split logic and evidence tier. | AA2: Planned | AB2: Khaled (thesis author) | AF2: =IF($AA2="Dropped","N/A",IF(AND($H2<>"",$J2<>"",$K2<>"",$M2<>"",$N2<>"",$P2<>"",$Q2<>"",$Y2<>""),"READY","INCOMPLETE"))
A3: E02 | B3: Task pooling experiment | C3: Target-definition | D3: Secondary decision-support | E3: Stage 1 - Method choice | F3: Medium | G3: Task pooling policy | H3: Should the main target be learned across all tasks together, or separately by task? | I3: Evaluate under leakage-aware splits before interpretation. | J3: Pooling strategy by task | K3: Data index version, preprocessing order, metric definitions, seed policy. | L3: Internal repeated-session BAS2 dataset (sub-001, sub-002) unless explicitly external. | M3: coarse_affect unless this experiment manipulates target definition. | N3: Claim-matched leakage-safe split (within_subject_loso_session unless manipulated). | O3: Performance inflation if split logic or fit scope leaks train-test information. | P3: Use explicit split manifests and train-only fitting; frozen transfer for cross-person runs. | Q3: ridge baseline unless model family is manipulated. | R3: Balanced accuracy | S3: Macro-F1; class-wise recall; accuracy | T3: Fold-level stability checks and leakage stress checks where relevant. | U3: Pre-specified criterion set before interpretation. | V3: Stable claim-matched behavior with no leakage indicators. | W3: Weak-split inflation, instability, or minority-class collapse. | X3: Small sample size, class imbalance, domain shift, and model sensitivity. | Y3: Chapter 3 Method choice | Z3: Interpret only within the specified split logic and evidence tier. | AA3: Planned | AB3: Khaled (thesis author) | AF3: =IF($AA3="Dropped","N/A",IF(AND($H3<>"",$J3<>"",$K3<>"",$M3<>"",$N3<>"",$P3<>"",$Q3<>"",$Y3<>""),"READY","INCOMPLETE"))
A4: E03 | B4: Modality pooling experiment | C4: Target-definition | D4: Secondary decision-support | E4: Stage 1 - Method choice | F4: Medium | G4: Modality pooling policy | H4: Should audio, video, and audiovisual conditions be pooled or modeled separately? | I4: Evaluate under leakage-aware splits before interpretation. | J4: Pooling strategy by modality | K4: Data index version, preprocessing order, metric definitions, seed policy. | L4: Internal repeated-session BAS2 dataset (sub-001, sub-002) unless explicitly external. | M4: coarse_affect unless this experiment manipulates target definition. | N4: Claim-matched leakage-safe split (within_subject_loso_session unless manipulated). | O4: Performance inflation if split logic or fit scope leaks train-test information. | P4: Use explicit split manifests and train-only fitting; frozen transfer for cross-person runs. | Q4: ridge baseline unless model family is manipulated. | R4: Balanced accuracy | S4: Macro-F1; class-wise recall; accuracy | T4: Fold-level stability checks and leakage stress checks where relevant. | U4: Pre-specified criterion set before interpretation. | V4: Stable claim-matched behavior with no leakage indicators. | W4: Weak-split inflation, instability, or minority-class collapse. | X4: Small sample size, class imbalance, domain shift, and model sensitivity. | Y4: Chapter 3 Method choice | Z4: Interpret only within the specified split logic and evidence tier. | AA4: Planned | AB4: Khaled (thesis author) | AF4: =IF($AA4="Dropped","N/A",IF(AND($H4<>"",$J4<>"",$K4<>"",$M4<>"",$N4<>"",$P4<>"",$Q4<>"",$Y4<>""),"READY","INCOMPLETE"))
A5: E04 | B5: Split-strength stress test | C5: Split-design | D5: Secondary decision-support | E5: Stage 1 - Method choice | F5: High | G5: Primary split policy | H5: How much do conclusions change under weaker split strategies compared with session-held-out evaluation? | I5: Evaluate under leakage-aware splits before interpretation. | J5: Split logic | K5: Data index version, preprocessing order, metric definitions, seed policy. | L5: Internal repeated-session BAS2 dataset (sub-001, sub-002) unless explicitly external. | M5: coarse_affect unless this experiment manipulates target definition. | N5: record-wise random split vs weaker grouped split vs within-person leave-one-session-out | O5: High under weak splits. | P5: Use explicit split manifests and train-only fitting; frozen transfer for cross-person runs. | Q5: ridge baseline unless model family is manipulated. | R5: Balanced accuracy | S5: Macro-F1; class-wise recall; accuracy | T5: Fold-level stability checks and leakage stress checks where relevant. | U5: Retain strictest split matching claim; weaker splits only as inflation demonstrations. | V5: Stable claim-matched behavior with no leakage indicators. | W5: Weak-split inflation, instability, or minority-class collapse. | X5: Small sample size, class imbalance, domain shift, and model sensitivity. | Y5: Chapter 3 Method choice | Z5: Interpret only within the specified split logic and evidence tier. | AA5: Planned | AB5: Khaled (thesis author) | AF5: =IF($AA5="Dropped","N/A",IF(AND($H5<>"",$J5<>"",$K5<>"",$M5<>"",$N5<>"",$P5<>"",$Q5<>"",$Y5<>""),"READY","INCOMPLETE"))
A6: E05 | B6: Cross-person transfer design | C6: Split-design | D6: Secondary decision-support | E6: Stage 1 - Method choice | F6: High | G6: Cross-person framing | H6: How should cross-person generalization be framed and evaluated? | I6: Evaluate under leakage-aware splits before interpretation. | J6: Transfer protocol | K6: Data index version, preprocessing order, metric definitions, seed policy. | L6: Internal repeated-session BAS2 dataset (sub-001, sub-002) unless explicitly external. | M6: coarse_affect unless this experiment manipulates target definition. | N6: frozen train-on-A/test-on-B and reverse direction | O6: Performance inflation if split logic or fit scope leaks train-test information. | P6: Fit once on train subject only; no re-fit/re-tune on test subject. | Q6: ridge baseline unless model family is manipulated. | R6: Balanced accuracy | S6: Macro-F1; class-wise recall; accuracy | T6: Fold-level stability checks and leakage stress checks where relevant. | U6: Keep frozen directional transfer as clean cross-case test. | V6: Stable claim-matched behavior with no leakage indicators. | W6: Weak-split inflation, instability, or minority-class collapse. | X6: Small sample size, class imbalance, domain shift, and model sensitivity. | Y6: Chapter 3 Method choice | Z6: Transfer evidence under domain shift, not population generalization. | AA6: Planned | AB6: Khaled (thesis author) | AF6: =IF($AA6="Dropped","N/A",IF(AND($H6<>"",$J6<>"",$K6<>"",$M6<>"",$N6<>"",$P6<>"",$Q6<>"",$Y6<>""),"READY","INCOMPLETE"))
A7: E06 | B7: Linear model family comparison | C7: Model-comparison | D7: Secondary decision-support | E7: Stage 1 - Method choice | F7: High | G7: Final model family lock | H7: Which linear model is most appropriate: ridge, logistic regression, or linear SVM? | I7: Evaluate under leakage-aware splits before interpretation. | J7: Model family | K7: Data index version, preprocessing order, metric definitions, seed policy. | L7: Internal repeated-session BAS2 dataset (sub-001, sub-002) unless explicitly external. | M7: coarse_affect unless this experiment manipulates target definition. | N7: Claim-matched leakage-safe split (within_subject_loso_session unless manipulated). | O7: Performance inflation if split logic or fit scope leaks train-test information. | P7: Use explicit split manifests and train-only fitting; frozen transfer for cross-person runs. | Q7: ridge vs logreg vs linearsvc | R7: Balanced accuracy | S7: Macro-F1; class-wise recall; accuracy | T7: Fold-level stability checks and leakage stress checks where relevant. | U7: Prefer simplest model with comparable performance and better robustness/stability. | V7: Stable claim-matched behavior with no leakage indicators. | W7: Weak-split inflation, instability, or minority-class collapse. | X7: Small sample size, class imbalance, domain shift, and model sensitivity. | Y7: Chapter 3 Method choice | Z7: Interpret only within the specified split logic and evidence tier. | AA7: Planned | AB7: Khaled (thesis author) | AF7: =IF($AA7="Dropped","N/A",IF(AND($H7<>"",$J7<>"",$K7<>"",$M7<>"",$N7<>"",$P7<>"",$Q7<>"",$Y7<>""),"READY","INCOMPLETE"))
A8: E07 | B8: Class weighting experiment | C8: Model-comparison | D8: Secondary decision-support | E8: Stage 1 - Method choice | F8: Medium | G8: Weighting policy | H8: Does class weighting improve fairness across classes without instability? | I8: Evaluate under leakage-aware splits before interpretation. | J8: Weighting strategy | K8: Data index version, preprocessing order, metric definitions, seed policy. | L8: Internal repeated-session BAS2 dataset (sub-001, sub-002) unless explicitly external. | M8: coarse_affect unless this experiment manipulates target definition. | N8: Claim-matched leakage-safe split (within_subject_loso_session unless manipulated). | O8: Performance inflation if split logic or fit scope leaks train-test information. | P8: Use explicit split manifests and train-only fitting; frozen transfer for cross-person runs. | Q8: ridge baseline unless model family is manipulated. | R8: Balanced accuracy | S8: Macro-F1; class-wise recall; accuracy | T8: Fold-level stability checks and leakage stress checks where relevant. | U8: Pre-specified criterion set before interpretation. | V8: Stable claim-matched behavior with no leakage indicators. | W8: Weak-split inflation, instability, or minority-class collapse. | X8: Small sample size, class imbalance, domain shift, and model sensitivity. | Y8: Chapter 3 Method choice | Z8: Interpret only within the specified split logic and evidence tier. | AA8: Planned | AB8: Khaled (thesis author) | AF8: =IF($AA8="Dropped","N/A",IF(AND($H8<>"",$J8<>"",$K8<>"",$M8<>"",$N8<>"",$P8<>"",$Q8<>"",$Y8<>""),"READY","INCOMPLETE"))
A9: E08 | B9: Hyperparameter strategy experiment | C9: Model-comparison | D9: Secondary decision-support | E9: Stage 1 - Method choice | F9: Medium | G9: Tuning policy | H9: Are fixed conservative hyperparameters sufficient, or does light nested tuning materially improve results? | I9: Evaluate under leakage-aware splits before interpretation. | J9: Tuning strategy | K9: Data index version, preprocessing order, metric definitions, seed policy. | L9: Internal repeated-session BAS2 dataset (sub-001, sub-002) unless explicitly external. | M9: coarse_affect unless this experiment manipulates target definition. | N9: Claim-matched leakage-safe split (within_subject_loso_session unless manipulated). | O9: Performance inflation if split logic or fit scope leaks train-test information. | P9: Use explicit split manifests and train-only fitting; frozen transfer for cross-person runs. | Q9: ridge baseline unless model family is manipulated. | R9: Balanced accuracy | S9: Macro-F1; class-wise recall; accuracy | T9: Fold-level stability checks and leakage stress checks where relevant. | U9: Keep fixed settings unless nested tuning gives clear, stable gain. | V9: Stable claim-matched behavior with no leakage indicators. | W9: Weak-split inflation, instability, or minority-class collapse. | X9: Small sample size, class imbalance, domain shift, and model sensitivity. | Y9: Chapter 3 Method choice | Z9: Interpret only within the specified split logic and evidence tier. | AA9: Planned | AB9: Khaled (thesis author) | AF9: =IF($AA9="Dropped","N/A",IF(AND($H9<>"",$J9<>"",$K9<>"",$M9<>"",$N9<>"",$P9<>"",$Q9<>"",$Y9<>""),"READY","INCOMPLETE"))
A10: E09 | B10: Whole-brain versus ROI experiment | C10: Preprocessing-feature | D10: Secondary decision-support | E10: Stage 1 - Method choice | F10: Medium | G10: Feature representation lock | H10: Should primary representation remain whole-brain masked voxels or use theory-justified ROIs? | I10: Evaluate under leakage-aware splits before interpretation. | J10: Feature space | K10: Data index version, preprocessing order, metric definitions, seed policy. | L10: Internal repeated-session BAS2 dataset (sub-001, sub-002) unless explicitly external. | M10: coarse_affect unless this experiment manipulates target definition. | N10: Claim-matched leakage-safe split (within_subject_loso_session unless manipulated). | O10: Performance inflation if split logic or fit scope leaks train-test information. | P10: Use explicit split manifests and train-only fitting; frozen transfer for cross-person runs. | Q10: ridge baseline unless model family is manipulated. | R10: Balanced accuracy | S10: Macro-F1; class-wise recall; accuracy | T10: Fold-level stability checks and leakage stress checks where relevant. | U10: Pre-specified criterion set before interpretation. | V10: Stable claim-matched behavior with no leakage indicators. | W10: Weak-split inflation, instability, or minority-class collapse. | X10: Small sample size, class imbalance, domain shift, and model sensitivity. | Y10: Chapter 3 Method choice | Z10: Interpret only within the specified split logic and evidence tier. | AA10: Planned | AB10: Khaled (thesis author) | AF10: =IF($AA10="Dropped","N/A",IF(AND($H10<>"",$J10<>"",$K10<>"",$M10<>"",$N10<>"",$P10<>"",$Q10<>"",$Y10<>""),"READY","INCOMPLETE"))
A11: E10 | B11: Dimensionality reduction experiment | C11: Preprocessing-feature | D11: Secondary decision-support | E11: Stage 1 - Method choice | F11: Medium | G11: Feature reduction policy | H11: Does unsupervised dimensionality reduction improve performance or stability enough to justify complexity? | I11: Evaluate under leakage-aware splits before interpretation. | J11: Feature reduction strategy | K11: Data index version, preprocessing order, metric definitions, seed policy. | L11: Internal repeated-session BAS2 dataset (sub-001, sub-002) unless explicitly external. | M11: coarse_affect unless this experiment manipulates target definition. | N11: Claim-matched leakage-safe split (within_subject_loso_session unless manipulated). | O11: Performance inflation if split logic or fit scope leaks train-test information. | P11: Use explicit split manifests and train-only fitting; frozen transfer for cross-person runs. | Q11: ridge baseline unless model family is manipulated. | R11: Balanced accuracy | S11: Macro-F1; class-wise recall; accuracy | T11: Fold-level stability checks and leakage stress checks where relevant. | U11: Pre-specified criterion set before interpretation. | V11: Stable claim-matched behavior with no leakage indicators. | W11: Weak-split inflation, instability, or minority-class collapse. | X11: Small sample size, class imbalance, domain shift, and model sensitivity. | Y11: Chapter 3 Method choice | Z11: Interpret only within the specified split logic and evidence tier. | AA11: Planned | AB11: Khaled (thesis author) | AF11: =IF($AA11="Dropped","N/A",IF(AND($H11<>"",$J11<>"",$K11<>"",$M11<>"",$N11<>"",$P11<>"",$Q11<>"",$Y11<>""),"READY","INCOMPLETE"))
A12: E11 | B12: Scaling and normalization experiment | C12: Preprocessing-feature | D12: Secondary decision-support | E12: Stage 1 - Method choice | F12: Medium | G12: Scaling policy lock | H12: How sensitive are results to scaling strategy? | I12: Evaluate under leakage-aware splits before interpretation. | J12: Scaling policy | K12: Data index version, preprocessing order, metric definitions, seed policy. | L12: Internal repeated-session BAS2 dataset (sub-001, sub-002) unless explicitly external. | M12: coarse_affect unless this experiment manipulates target definition. | N12: Claim-matched leakage-safe split (within_subject_loso_session unless manipulated). | O12: Performance inflation if split logic or fit scope leaks train-test information. | P12: Use explicit split manifests and train-only fitting; frozen transfer for cross-person runs. | Q12: ridge baseline unless model family is manipulated. | R12: Balanced accuracy | S12: Macro-F1; class-wise recall; accuracy | T12: Fold-level stability checks and leakage stress checks where relevant. | U12: Pre-specified criterion set before interpretation. | V12: Stable claim-matched behavior with no leakage indicators. | W12: Weak-split inflation, instability, or minority-class collapse. | X12: Small sample size, class imbalance, domain shift, and model sensitivity. | Y12: Chapter 3 Method choice | Z12: Interpret only within the specified split logic and evidence tier. | AA12: Planned | AB12: Khaled (thesis author) | AF12: =IF($AA12="Dropped","N/A",IF(AND($H12<>"",$J12<>"",$K12<>"",$M12<>"",$N12<>"",$P12<>"",$Q12<>"",$Y12<>""),"READY","INCOMPLETE"))
A13: E12 | B13: Permutation test experiment | C13: Robustness | D13: Primary-supporting robustness | E13: Stage 2 - Robustness support | F13: High | G13: Chance-level distinguishability | H13: Are main predictive results distinguishable from chance under exact same split logic? | I13: Evaluate under leakage-aware splits before interpretation. | J13: Label structure (true vs permuted) | K13: Data index version, preprocessing order, metric definitions, seed policy. | L13: Internal repeated-session BAS2 dataset (sub-001, sub-002) unless explicitly external. | M13: coarse_affect unless this experiment manipulates target definition. | N13: Exact confirmatory split logic with train-only permutation. | O13: Performance inflation if split logic or fit scope leaks train-test information. | P13: Use explicit split manifests and train-only fitting; frozen transfer for cross-person runs. | Q13: ridge baseline unless model family is manipulated. | R13: Balanced accuracy | S13: Empirical p-value; null distribution summary | T13: Fold-level stability checks and leakage stress checks where relevant. | U13: Pre-specified criterion set before interpretation. | V13: Stable claim-matched behavior with no leakage indicators. | W13: Weak-split inflation, instability, or minority-class collapse. | X13: Small sample size, class imbalance, domain shift, and model sensitivity. | Y13: Chapter 4 Supporting robustness | Z13: Interpret only within the specified split logic and evidence tier. | AA13: Planned | AB13: Khaled (thesis author) | AF13: =IF($AA13="Dropped","N/A",IF(AND($H13<>"",$J13<>"",$K13<>"",$M13<>"",$N13<>"",$P13<>"",$Q13<>"",$Y13<>""),"READY","INCOMPLETE"))
... A20: E19 | B20: External open-source model portability | C20: External exploratory | D20: Exploratory extension | E20: Stage 4 - External exploratory | F20: Low | G20: External model-ranking portability check | H20: Does relative ranking of reasonable model choices remain similar on external data? | I20: Evaluate under leakage-aware splits before interpretation. | J20: Dataset source with same small model set | K20: Data index version, preprocessing order, metric definitions, seed policy. | L20: External open-source dataset if available/approved | M20: coarse_affect unless this experiment manipulates target definition. | N20: Claim-matched leakage-safe split (within_subject_loso_session unless manipulated). | O20: Performance inflation if split logic or fit scope leaks train-test information. | P20: Use explicit split manifests and train-only fitting; frozen transfer for cross-person runs. | Q20: ridge vs logreg vs linearsvc | R20: Balanced accuracy | S20: Macro-F1; class-wise recall; accuracy | T20: Fold-level stability checks and leakage stress checks where relevant. | U20: Pre-specified criterion set before interpretation. | V20: Stable claim-matched behavior with no leakage indicators. | W20: Weak-split inflation, instability, or minority-class collapse. | X20: Small sample size, class imbalance, domain shift, and model sensitivity. | Y20: Appendix | Z20: Interpret only within the specified split logic and evidence tier. | AA20: Planned | AB20: Khaled (thesis author) | AF20: =IF($AA20="Dropped","N/A",IF(AND($H20<>"",$J20<>"",$K20<>"",$M20<>"",$N20<>"",$P20<>"",$Q20<>"",$Y20<>""),"READY","INCOMPLETE"))

Sheet Run_Log
A1: Run_ID | B1: Experiment_ID | C1: Run_Date | D1: Dataset_Name | E1: Data_Subset | F1: Code_Commit_or_Version | G1: Config_File_or_Path | H1: Random_Seed | I1: Target | J1: Split_ID_or_Fold_Definition | K1: Model | L1: Feature_Set | M1: Primary_Metric_Value | N1: Secondary_Metric_1 | O1: Secondary_Metric_2 | P1: Robustness_Output_Summary | Q1: Result_Summary | R1: Preliminary_Interpretation | S1: Reviewed | T1: Used_in_Thesis | U1: Artifact_Path | V1: Notes

Sheet Decision_Log
A1: Decision_ID | B1: Decision_Topic | C1: Stage | D1: Candidate_Options | E1: Evidence_Experiments | F1: Chosen_Option | G1: Why_Chosen | H1: Why_Not_Others | I1: Risks_or_Tradeoffs | J1: Date_Locked | K1: Freeze_Status | L1: Thesis_Use
A2: D01 | B2: Final target choice | C2: Stage 1 - Method choice | D2: fine emotion; coarse_affect; binary valence-like | E2: E01,E02,E03 | F2: To be locked after evidence review | I2: Construct validity vs learnability tradeoff. | K2: Open | L2: Locks confirmatory target.
A3: D02 | B3: Final split design | C3: Stage 1 - Method choice | D3: within_subject_loso_session; weaker alternatives | E3: E04,E05 | F3: To be locked after split stress test | I3: Weak split may inflate performance. | K3: Open | L3: Locks claim-matched split logic.
A4: D03 | B4: Final model family | C4: Stage 1 - Method choice | D4: ridge; logreg; linearsvc | E4: E06 | F4: To be locked after model comparison | I4: Performance-stability-complexity tradeoff. | K4: Open | L4: Locks confirmatory model.
A5: D04 | B5: Final weighting policy | C5: Stage 1 - Method choice | D5: No weighting; class weighting | E5: E07 | F5: To be locked after fairness/stability check | I5: Minority fairness vs instability tradeoff. | K5: Open | L5: Locks class weighting.
A6: D05 | B6: Final tuning policy | C6: Stage 1 - Method choice | D6: Fixed settings; light nested tuning | E6: E08 | F6: To be locked after tuning check | I6: Added tuning complexity and overfit risk. | K6: Open | L6: Locks configuration policy.
A7: D06 | B7: Final feature representation | C7: Stage 1 - Method choice | D7: Whole-brain; ROI | E7: E09,E10 | F7: To be locked after representation evidence | I7: Feature-space choice affects validity and stability. | K7: Open | L7: Locks feature space.
A8: D07 | B8: Final scaling policy | C8: Stage 1 - Method choice | D8: No scaling; standard/robust scaling | E8: E11 | F8: To be locked after scaling sensitivity check | I8: Scaling can shift classifier behavior. | K8: Open | L8: Locks preprocessing.
A9: D08 | B9: Use of external data | C9: Stage 4 - External exploratory | D9: No external; external replication/portability | E9: E18,E19 | F9: To be decided after confirmatory completion | I9: Comparability and validity limits for external data. | K9: Open | L9: Controls exploratory scope.

Sheet Confirmatory_Set
A1: Experiment_ID | B1: Short_Title | C1: Final_Pipeline_Version | D1: Claim_Supported | E1: Status | F1: Main_Result_Summary | G1: Robustness_Status | H1: Ready_for_Chapter_4 | I1: Confirmatory_Eligible
A2: E12 | B2: Permutation test experiment | C2: To be fixed after freeze lock | D2: Chance-distinguishability support | E2: =IFERROR(INDEX(Master_Experiments!$AA:$AA,MATCH($A2,Master_Experiments!$A:$A,0)),"Planned") | F2: =IFERROR(INDEX(Master_Experiments!$AC:$AC,MATCH($A2,Master_Experiments!$A:$A,0)),"") | G2: Planned | H2: =IF(AND($E2="Completed",$I2="YES"),"YES","NO") | I2: =IF(AND(COUNTIFS(Decision_Log!$A:$A,"D01",Decision_Log!$K:$K,"Locked")>0,COUNTIFS(Decision_Log!$A:$A,"D02",Decision_Log!$K:$K,"Locked")>0,COUNTIFS(Decision_Log!$A:$A,"D03",Decision_Log!$K:$K,"Locked")>0,COUNTIFS(Decision_Log!$A:$A,"D04",Decision_Log!$K:$K,"Locked")>0,COUNTIFS(Decision_Log!$A:$A,"D05",Decision_Log!$K:$K,"Locked")>0,COUNTIFS(Decision_Log!$A:$A,"D06",Decision_Log!$K:$K,"Locked")>0,COUNTIFS(Decision_Log!$A:$A,"D07",Decision_Log!$K:$K,"Locked")>0),"YES","NO")
A3: E13 | B3: Trivial baseline experiment | C3: To be fixed after freeze lock | D3: Non-trivial model value support | E3: =IFERROR(INDEX(Master_Experiments!$AA:$AA,MATCH($A3,Master_Experiments!$A:$A,0)),"Planned") | F3: =IFERROR(INDEX(Master_Experiments!$AC:$AC,MATCH($A3,Master_Experiments!$A:$A,0)),"") | G3: Planned | H3: =IF(AND($E3="Completed",$I3="YES"),"YES","NO") | I3: =IF(AND(COUNTIFS(Decision_Log!$A:$A,"D01",Decision_Log!$K:$K,"Locked")>0,COUNTIFS(Decision_Log!$A:$A,"D02",Decision_Log!$K:$K,"Locked")>0,COUNTIFS(Decision_Log!$A:$A,"D03",Decision_Log!$K:$K,"Locked")>0,COUNTIFS(Decision_Log!$A:$A,"D04",Decision_Log!$K:$K,"Locked")>0,COUNTIFS(Decision_Log!$A:$A,"D05",Decision_Log!$K:$K,"Locked")>0,COUNTIFS(Decision_Log!$A:$A,"D06",Decision_Log!$K:$K,"Locked")>0,COUNTIFS(Decision_Log!$A:$A,"D07",Decision_Log!$K:$K,"Locked")>0),"YES","NO")
A4: E14 | B4: Stability of explanation experiment | C4: To be fixed after freeze lock | D4: Model-behavior stability support | E4: =IFERROR(INDEX(Master_Experiments!$AA:$AA,MATCH($A4,Master_Experiments!$A:$A,0)),"Planned") | F4: =IFERROR(INDEX(Master_Experiments!$AC:$AC,MATCH($A4,Master_Experiments!$A:$A,0)),"") | G4: Planned | H4: =IF(AND($E4="Completed",$I4="YES"),"YES","NO") | I4: =IF(AND(COUNTIFS(Decision_Log!$A:$A,"D01",Decision_Log!$K:$K,"Locked")>0,COUNTIFS(Decision_Log!$A:$A,"D02",Decision_Log!$K:$K,"Locked")>0,COUNTIFS(Decision_Log!$A:$A,"D03",Decision_Log!$K:$K,"Locked")>0,COUNTIFS(Decision_Log!$A:$A,"D04",Decision_Log!$K:$K,"Locked")>0,COUNTIFS(Decision_Log!$A:$A,"D05",Decision_Log!$K:$K,"Locked")>0,COUNTIFS(Decision_Log!$A:$A,"D06",Decision_Log!$K:$K,"Locked")>0,COUNTIFS(Decision_Log!$A:$A,"D07",Decision_Log!$K:$K,"Locked")>0),"YES","NO")
A5: E16 | B5: Final within-person confirmatory analysis | C5: To be fixed after freeze lock | D5: Primary within-person claim | E5: =IFERROR(INDEX(Master_Experiments!$AA:$AA,MATCH($A5,Master_Experiments!$A:$A,0)),"Planned") | F5: =IFERROR(INDEX(Master_Experiments!$AC:$AC,MATCH($A5,Master_Experiments!$A:$A,0)),"") | G5: Planned | H5: =IF(AND($E5="Completed",$I5="YES"),"YES","NO") | I5: =IF(AND(COUNTIFS(Decision_Log!$A:$A,"D01",Decision_Log!$K:$K,"Locked")>0,COUNTIFS(Decision_Log!$A:$A,"D02",Decision_Log!$K:$K,"Locked")>0,COUNTIFS(Decision_Log!$A:$A,"D03",Decision_Log!$K:$K,"Locked")>0,COUNTIFS(Decision_Log!$A:$A,"D04",Decision_Log!$K:$K,"Locked")>0,COUNTIFS(Decision_Log!$A:$A,"D05",Decision_Log!$K:$K,"Locked")>0,COUNTIFS(Decision_Log!$A:$A,"D06",Decision_Log!$K:$K,"Locked")>0,COUNTIFS(Decision_Log!$A:$A,"D07",Decision_Log!$K:$K,"Locked")>0),"YES","NO")
A6: E17 | B6: Final cross-person transfer analysis | C6: To be fixed after freeze lock | D6: Directional transfer claim | E6: =IFERROR(INDEX(Master_Experiments!$AA:$AA,MATCH($A6,Master_Experiments!$A:$A,0)),"Planned") | F6: =IFERROR(INDEX(Master_Experiments!$AC:$AC,MATCH($A6,Master_Experiments!$A:$A,0)),"") | G6: Planned | H6: =IF(AND($E6="Completed",$I6="YES"),"YES","NO") | I6: =IF(AND(COUNTIFS(Decision_Log!$A:$A,"D01",Decision_Log!$K:$K,"Locked")>0,COUNTIFS(Decision_Log!$A:$A,"D02",Decision_Log!$K:$K,"Locked")>0,COUNTIFS(Decision_Log!$A:$A,"D03",Decision_Log!$K:$K,"Locked")>0,COUNTIFS(Decision_Log!$A:$A,"D04",Decision_Log!$K:$K,"Locked")>0,COUNTIFS(Decision_Log!$A:$A,"D05",Decision_Log!$K:$K,"Locked")>0,COUNTIFS(Decision_Log!$A:$A,"D06",Decision_Log!$K:$K,"Locked")>0,COUNTIFS(Decision_Log!$A:$A,"D07",Decision_Log!$K:$K,"Locked")>0),"YES","NO")

Sheet Thesis_Map
A1: Experiment_ID | B1: Chapter | C1: Section | D1: Purpose_in_Thesis | E1: Main_or_Supporting | F1: Method_Choice_or_Method_Application_or_Discussion | G1: What_Claim_or_Decision_It_Supports | H1: Notes_for_Writing
A2: E01 | B2: Chapter 3 | C2: 3.3 Target definition | D2: Target granularity method choice | E2: Supporting | F2: Method choice | G2: Locks target definition | H2: Feeds D01
A3: E02 | B3: Chapter 3 | C3: 3.3 Task strategy | D3: Task pooling choice | E3: Supporting | F3: Method choice | G3: Task pooling decision
A4: E03 | B4: Chapter 3 | C4: 3.3 Modality strategy | D4: Modality pooling choice | E4: Supporting | F4: Method choice | G4: Modality pooling decision
A5: E04 | B5: Chapter 3 | C5: 3.4 Split design | D5: Split-strength stress evidence | E5: Supporting | F5: Method choice | G5: Strict split justification
A6: E05 | B6: Chapter 3 | C6: 3.4 Transfer protocol | D6: Cross-person framing | E6: Supporting | F6: Method choice | G6: Frozen directional transfer protocol
A7: E06 | B7: Chapter 3 | C7: 3.5 Model family | D7: Model comparison evidence | E7: Supporting | F7: Method choice | G7: Final model family lock
A8: E07 | B8: Chapter 3 | C8: 3.5 Weighting policy | D8: Class-weighting evidence | E8: Supporting | F8: Method choice | G8: Weighting decision
A9: E08 | B9: Chapter 3 | C9: 3.5 Tuning policy | D9: Tuning strategy evidence | E9: Supporting | F9: Method choice | G9: Fixed vs nested tuning
A10: E09 | B10: Chapter 3 | C10: 3.2 Feature space | D10: Whole-brain vs ROI decision | E10: Supporting | F10: Method choice | G10: Feature representation lock
A11: E10 | B11: Chapter 3 | C11: 3.2 Dimensionality | D11: Reduction strategy decision | E11: Supporting | F11: Method choice | G11: Complexity vs stability tradeoff
A12: E11 | B12: Chapter 3 | C12: 3.2 Scaling | D12: Scaling sensitivity decision | E12: Supporting | F12: Method choice | G12: Scaling lock
A13: E12 | B13: Chapter 4 | C13: 4.3 Robustness | D13: Permutation support | E13: Supporting | F13: Method application | G13: Beyond-chance evidence
A14: E13 | B14: Chapter 4 | C14: 4.3 Robustness | D14: Trivial baseline support | E14: Supporting | F14: Method application | G14: Non-trivial predictive value
A15: E14 | B15: Chapter 4 | C15: 4.3 Robustness | D15: Interpretability stability support | E15: Supporting | F15: Method application | G15: Model-behavior robustness | H15: No localization claim
A16: E15 | B16: Chapter 5 | C16: 5.2 Limitations | D16: Subset sensitivity discussion | E16: Supporting | F16: Discussion | G16: Bounds dependence on subsets
A17: E16 | B17: Chapter 4 | C17: 4.1 Main results | D17: Within-person confirmatory evidence | E17: Main | F17: Method application | G17: Primary thesis claim
A18: E17 | B18: Chapter 4 | C18: 4.2 Transfer results | D18: Cross-person transfer evidence | E18: Main | F18: Method application | G18: Secondary transfer claim
A19: E18 | B19: Appendix | C19: A. External exploratory | D19: External split replication | E19: Supporting | F19: Discussion | G19: Exploratory external consistency
A20: E19 | B20: Appendix | C20: A. External exploratory | D20: External model portability | E20: Supporting | F20: Discussion | G20: Exploratory portability check

Sheet Dictionary_Validation
A1: Controlled vocabularies (drives dropdown validation) | K1: Term definitions
A2: Category | B2: Evidential_Role | C2: Stage | D2: Priority | E2: Status | F2: Reporting_Destination | G2: Reviewed | H2: Used_in_Thesis | I2: Freeze_Status | K2: Term | L2: Definition
A3: Target-definition | B3: Primary confirmatory | C3: Stage 0 - Program design | D3: Critical | E3: Planned | F3: Chapter 3 Method choice | G3: No | H3: No | I3: Open | K3: confirmatory | L3: Primary evidence analysis with pre-specified pipeline and decision rules.
A4: Split-design | B4: Primary-supporting robustness | C4: Stage 1 - Method choice | D4: High | E4: Not started | F4: Chapter 4 Main results | G4: Yes | H4: Yes | I4: Locked | K4: decision-support | L4: Method-choice evidence used before confirmatory lock.
A5: Model-comparison | B5: Secondary decision-support | C5: Stage 2 - Robustness support | D5: Medium | E5: Running | F5: Chapter 4 Supporting robustness | K5: exploratory | L5: Hypothesis-generating or extension analysis outside confirmatory core.
A6: Preprocessing-feature | B6: Secondary decision-support / robustness | C6: Stage 3 - Confirmatory core | D6: Low | E6: Completed | F6: Chapter 5 Discussion | K6: construct validity | L6: How well operational labels/features represent the intended construct.
A7: Robustness | B7: Exploratory extension | C7: Stage 4 - External exploratory | E7: On hold | F7: Appendix | K7: internal validity | L7: Protection against confounds and leakage in experiment design.
A8: Confirmatory core | C8: Stage 5 - Thesis write-up | E8: Dropped | K8: statistical conclusion validity | L8: Reliability of inference from metrics and comparisons.
A9: External exploratory | K9: external validity | L9: How far findings transfer to other settings/data.
K10: leakage | L10: Information contamination across train-test boundaries that inflates performance.
K11: domain shift | L11: Distribution mismatch between training and testing domains.
K12: interpretability stability | L12: Consistency of model explanation signals across folds.

Sheet Dashboard
A1: Dashboard
A3: Program state summary | D3: Experiments by category | G3: Experiments by evidential role
A4: Total number of experiments | B4: =COUNTA(Master_Experiments!$A$2:$A$200) | D4: =Dictionary_Validation!A3 | E4: =COUNTIF(Master_Experiments!$C:$C,D4) | G4: =Dictionary_Validation!B3 | H4: =COUNTIF(Master_Experiments!$D:$D,G4)
A5: Completed experiments | B5: =COUNTIF(Master_Experiments!$AA$2:$AA$200,"Completed") | D5: =Dictionary_Validation!A4 | E5: =COUNTIF(Master_Experiments!$C:$C,D5) | G5: =Dictionary_Validation!B4 | H5: =COUNTIF(Master_Experiments!$D:$D,G5)
A6: Critical experiments completed | B6: =COUNTIFS(Master_Experiments!$F$2:$F$200,"Critical",Master_Experiments!$AA$2:$AA$200,"Completed") | D6: =Dictionary_Validation!A5 | E6: =COUNTIF(Master_Experiments!$C:$C,D6) | G6: =Dictionary_Validation!B5 | H6: =COUNTIF(Master_Experiments!$D:$D,G6)
A7: Open decisions | B7: =COUNTIF(Decision_Log!$K$2:$K$200,"Open") | D7: =Dictionary_Validation!A6 | E7: =COUNTIF(Master_Experiments!$C:$C,D7) | G7: =Dictionary_Validation!B6 | H7: =COUNTIF(Master_Experiments!$D:$D,G7)
A8: Locked decisions | B8: =COUNTIF(Decision_Log!$K$2:$K$200,"Locked") | D8: =Dictionary_Validation!A7 | E8: =COUNTIF(Master_Experiments!$C:$C,D8) | G8: =Dictionary_Validation!B7 | H8: =COUNTIF(Master_Experiments!$D:$D,G8)
A9: Target locked? | B9: =IF(COUNTIFS(Decision_Log!$A:$A,"D01",Decision_Log!$K:$K,"Locked")>0,"YES","NO") | D9: =Dictionary_Validation!A8 | E9: =COUNTIF(Master_Experiments!$C:$C,D9)
A10: Split locked? | B10: =IF(COUNTIFS(Decision_Log!$A:$A,"D02",Decision_Log!$K:$K,"Locked")>0,"YES","NO") | D10: =Dictionary_Validation!A9 | E10: =COUNTIF(Master_Experiments!$C:$C,D10)
A11: Model locked? | B11: =IF(COUNTIFS(Decision_Log!$A:$A,"D03",Decision_Log!$K:$K,"Locked")>0,"YES","NO")
A12: Feature pipeline locked? | B12: =IF(AND(COUNTIFS(Decision_Log!$A:$A,"D06",Decision_Log!$K:$K,"Locked")>0,COUNTIFS(Decision_Log!$A:$A,"D07",Decision_Log!$K:$K,"Locked")>0),"YES","NO")
A13: Confirmatory ready? | B13: =IF(AND(B9="YES",B10="YES",B11="YES",B12="YES",COUNTIFS(Confirmatory_Set!$I:$I,"YES")>=5),"YES","NO")
A14: Experiments mapped to Chapter 4 main results | B14: =COUNTIFS(Thesis_Map!$B$2:$B$200,"Chapter 4",Thesis_Map!$E$2:$E$200,"Main")
A15: Experiments mapped only to Appendix | B15: =COUNTIF(Thesis_Map!$B$2:$B$200,"Appendix")
